<?xml version="1.0" encoding="UTF-8" standalone="yes"?>
<ns2:files xmlns="http://www.w3.org/2000/09/xmldsig#" xmlns:ns2="http://apstandard.com/ns/1">
    <ns2:file name="scripts/dc.php" size="2532" sha256="2f55fc761941e15bfb056acfc636423237bd833c6d2c961219dcd37f1bf55239"/>
    <ns2:file name="scripts/common.php" size="153" sha256="964d0f4e2091877b21c0851f09693c900c81f78ef89cdf4e8050fdda6bf160d4"/>
    <ns2:file name="scripts/controllers/CurlParentModel.php" size="3223" sha256="c07216b6e6eab78f5f371204bb15b2dd0ac2b72497b7510bd69add2412bfa53c"/>
    <ns2:file name="scripts/controllers/OS.php" size="827" sha256="66ee135b73d7ecf046658ed0492dc261e88be0261cd401587fc5d0b025eedfa4"/>
    <ns2:file name="scripts/controllers/OpenStackV2Controller.php" size="3253" sha256="7261d72e9b65a8e8034547d0ae675b99ec71206fff0931751d0cccc39d9b5904"/>
    <ns2:file name="scripts/controllers/OpenStackV3Controller.php" size="2235" sha256="35fab9fa61ae57d488ddb2f5ddf04d054a194b35eb60f1d3b7a332107a2d927f"/>
    <ns2:file name="scripts/nbproject/private/private.xml" size="599" sha256="b2538a02077b2341bd82825d14eac6f382021fe0c9e8c5a294252fce46a53d4c"/>
    <ns2:file name="scripts/nbproject/private/config.properties" size="0" sha256="e3b0c44298fc1c149afbf4c8996fb92427ae41e4649b934ca495991b7852b855"/>
    <ns2:file name="scripts/nbproject/private/private.properties" size="264" sha256="4340d297d0cc6a484511a79fc96f6e423173fb54c7dd16d90f5db6377883403d"/>
    <ns2:file name="scripts/nbproject/project.properties" size="134" sha256="9915b0966fecf0eb3d7e5f114a0fe3b1687b36528f3d4952cb2ec212357ae31c"/>
    <ns2:file name="scripts/nbproject/project.xml" size="319" sha256="707279d138c9485b20bc03f4f9d216d76d9b83e5fdad6766da26a170d4b34fd6"/>
    <ns2:file name="scripts/app.php" size="1458" sha256="9c1affbb14457c3c3d6e83f2bef069fd33f56c3e912aba4471ba4482bc32f11a"/>
    <ns2:file name="scripts/.htaccess" size="769" sha256="8d948e7ae26abcbe0280d428fb18b794e5bbe3de600a5e064b2a4ebba722a9de"/>
    <ns2:file name="scripts/heatstack.php" size="784" sha256="312115961feb70ec9c4cc0e6675c6a5490c51f3c264308a8ae111b4b7fd7e847"/>
    <ns2:file name="scripts/image.php" size="645" sha256="0d3c359db5f2c3fc6ab5cfbb464eb3d2ef16fe8170676418bbbd902965baa806"/>
    <ns2:file name="scripts/ip.php" size="649" sha256="a6371eff452da7b1288296257c2f4a4b2f2cad00a327c5ea0bd6470067e59c19"/>
    <ns2:file name="scripts/ipassigned.php" size="665" sha256="de82afe7ef8c8842be68294d59f5cd7297d4cdd7e3d1acbd6266f675de1e30a2"/>
    <ns2:file name="scripts/ippool.php" size="629" sha256="b1b91775776ce0330cbd89b740e84ac60ebf8cdb61f807e064e2d45d489b3966"/>
    <ns2:file name="scripts/organization.php" size="1130" sha256="1a410f3acca4351e67eb9575b19fc617325e1b183ef88ab860e49ee38f04c874"/>
    <ns2:file name="scripts/profile.php" size="652" sha256="9bffcc79aa90ee8ab286561b19643b02b0c2aa1d6bfef28da5b8213287996317"/>
    <ns2:file name="scripts/unmanagedve.php" size="786" sha256="4dbf8c06b1708c63c8ce7daf51151238b1914f85534de0e8704a59abf562863b"/>
    <ns2:file name="schemas/app.schema.gen" size="1086" sha256="5c2eb0746462d18c55353f3cf715d20bd7f232eb05f1ed7734338af8bb4cea81"/>
    <ns2:file name="schemas/organization.schema.gen" size="1268" sha256="56b4455a43d406508377dc38bfea8dfd87a03b958ccd8e31158e7b40ec380135"/>
    <ns2:file name="schemas/profile.schema.gen" size="634" sha256="ed6150d450f7ad0a488aec305bd97a2a507bc5363c11cc9b47c25d89aaf00216"/>
    <ns2:file name="schemas/image.schema.gen" size="632" sha256="4e583dd4d03ebe61c8828e15654256b5a5efc58c6e8aff040f6ac688ca522037"/>
    <ns2:file name="schemas/ippool.schema.gen" size="617" sha256="f755977efe213ebfe0d0814aea111a7b8f0a08e6cf76fe9e7225ec08251f26f6"/>
    <ns2:file name="schemas/ipassigned.schema.gen" size="638" sha256="22db5a3fe30dfd5a3df96a3695aab208cfb7d49d1c84962f257d66ed24b468fb"/>
    <ns2:file name="schemas/ip.schema.gen" size="622" sha256="f92a2648dc513ab96b11b41f7f14df2b6f324454b71874c8b1b9ba79e7e6f8b3"/>
    <ns2:file name="schemas/heatstack.schema.gen" size="818" sha256="a7a2703c922a954b5c080d751e8a85afd80e9419c75c36b36db60978069ce090"/>
    <ns2:file name="schemas/unmanagedve.schema.gen" size="820" sha256="ea9e6d7a7c42b8f6d1fe7ed9bbd241806ebe545afde36fffec47e7c0f109ae9d"/>
    <ns2:file name="schemas/dc.schema.gen" size="2266" sha256="d1ae92eceb230a6561990feadd1bca38385b9948dea74fc574f960fc8f3626fd"/>
    <ns2:file name="APP-META.xml" size="5381" sha256="86ac30c063e984ecf20a9e477118cbc5bc991b2b596243d36a32b19ddcc7ecb9"/>
    <ns2:file name="ui/datacenter-new.html" size="9581" sha256="17b071fed290119d76ac22470e8d3a11ea1823cb6146fe5ff40564ef11a4a16b"/>
    <ns2:file name="ui/datacenter-settings.html" size="12201" sha256="24e1bf2c152f4f6b2997b13948a7e1a4e863df8ce5c01820743996c7d6728c31"/>
    <ns2:file name="ui/datacenters.html" size="6104" sha256="9110b6ccfa767e6eed29b359e25ff82c0eb5b8c6c94591dac8f54583cc4cc5a6"/>
    <ns2:file name="ui/mamasu/ECRUD.js" size="4147" sha256="15476d034adada56ad3df5b878c51bdf31acffaac5d57d80d0b1096e4a7d360e"/>
    <ns2:file name="ui/mamasu/Settings.js" size="210" sha256="b4d40181fe4901e09065869ddd078197a4f2ac4dd9affa6c7c2e9fa159288300"/>
    <ns2:file name="ui/mamasu/UI.js" size="2286" sha256="5e7f9d5aaec96223a3b6003bb10351a5fb7c2640e3aef9e92d7769f6676b1582"/>
    <ns2:file name="ui/mamasu/base64.js" size="1859" sha256="fa86ab5314d55d9a1f3212a8bbe00374d9dbdd7537a971cec06163d614a7ef90"/>
    <ns2:file name="ui/mamasu/mamadojo.js" size="1040" sha256="388d9818fb1191bc893bfd9998b05d7418b5a89c50812253dbd0e218cbdd8032"/>
    <ns2:file name="ui/mamasu/maximizer.js" size="2759" sha256="5eb1b851ff638309ed972ed39f5482a40bf50a5ecff91b96bad8a5cbc3bc6393"/>
    <ns2:file name="ui/mamasu/Types.js" size="619" sha256="b720f95c062a8ea507c51067a37427f3b74a10b8ac332dd0bf2f2645f38835ad"/>
    <ns2:file name="ui/nbproject/private/private.properties" size="236" sha256="e7a631cd1a617dfe88c265940d003c1223ccb10a135b7dd653905e0ae4ac21ab"/>
    <ns2:file name="ui/nbproject/private/private.xml" size="1599" sha256="0025369023909826248a102cc09ed1c3ccccef91df0752630d18bb7738da2fba"/>
    <ns2:file name="ui/nbproject/private/config.properties" size="0" sha256="e3b0c44298fc1c149afbf4c8996fb92427ae41e4649b934ca495991b7852b855"/>
    <ns2:file name="ui/nbproject/project.properties" size="161" sha256="499353e2a7c13511d95deea7e414943ca9e5f08aa9c2e82908b6678f3319a35a"/>
    <ns2:file name="ui/nbproject/project.xml" size="314" sha256="3b1b23a3518b292def425ffb34f77d00be4cfdb6c4fe21b4bf42941e6d75f206"/>
    <ns2:file name="ui/dmam-v0.1.js" size="8852" sha256="64567705b3bd4ea1c8bcb10daa49ae69041e7dc458185951929d718396417df7"/>
    <ns2:file name="ui/ip-list.html" size="5824" sha256="4b5cafb578e76dd2b2865b9658abe1e7e3f3f858b5f1fae54815a2d6eafc0c38"/>
    <ns2:file name="ui/ippool.html" size="4893" sha256="376e40232487c5595e819966e427bfc0671dd22ca8838615f47f32c4b73426a7"/>
    <ns2:file name="ui/iso.html" size="6540" sha256="2fd4e3f32b2ccaf0019d0298d0bd2ab116f64c3cd9f22a684214f528ed99f864"/>
    <ns2:file name="ui/New_HT_2.html" size="835" sha256="8ef7f4fc93b5bc8c498dd38099d2375e71474361da788a1d879f0e8dd2bddabf"/>
    <ns2:file name="ui/profiles.html" size="6440" sha256="12f5d1831b275acd57e718dbe3a0f3989caf3c3c0618aeb1300f589b81a27d11"/>
    <ns2:file name="images/logo-mamasu.png" size="94510" sha256="3c278f56408267be49a2e68c716a9b641e27a4b4869507eec143d8c38f615776"/>
    <ns2:file name="images/logo-openstack.png" size="9468" sha256="544848c539bd118781e76e35eeaf4014ef03d42901ee8c2d496677a41d057c53"/>
</ns2:files>
