<application packaged="2014-09-16T00:46:44" version="2.0" xmlns="http://aps-standard.org/ns/2">
    <id>http://openstack.parallels.trn</id>
    <name>Openstack</name>
    <version>1.0</version>
    <release>1</release>
    <homepage>http://dev.apsstandard.org/doc/poa/pa-sample-integration/starter.html</homepage>
    <vendor>
    	<name>OpenStack</name>
    	<homepage>https://www.openstack.org</homepage>
    </vendor>
    <packager>
    	<name>The Mamasú Agency</name>
    	<homepage>http://www.mamasu.es/</homepage>
    </packager>
    <presentation>
    	<summary>Simplest starter multi-tenant application for OpenStack</summary>
        <description>This is a demo application to demonstrate how to control OpenStack from APS
        </description>
        <categories>
           <category>Infrastructure/Management</category>
        </categories>
        <navigation id="ccp" label="OpenStack">
            <var name="tenant" type-id="http://openstack.parallels-demo.trn/tenant/1.7"/>
            <plugs-to id="http://www.aps-standard.org/ui/service"/>
            <item id="tenant" label="Tenant">
                <view id="tenant" label="Tenant">
                </view>
            </item>
        </navigation>
    </presentation>
    <license-agreement must-accept="true">
    <free/>
    <text>
        <name>End-User License Agreement</name>
        <file>http://opensource.org/licenses/bsd-license</file>
    </text>
    </license-agreement>
    <upgrade match="version=ge=1.0"/>
    <service id="app">
        <schema path="schemas/app.schema.gen"/>
		<code engine="php" path="scripts/app.php"/>
        <presentation> 
            <name>OpenStack globals</name>
            <summary>OpenStack application global service</summary>
        </presentation>
    </service>
    <service id="organization">
        <schema path="schemas/organization.schema.gen"/>
		<code engine="php" path="scripts/organization.php"/>
        <presentation>
            <name>OpenStack Management</name>
            <summary>OpenStack management environment</summary>
        </presentation>
    </service>
    
    <service id="dc">
        <schema path="schemas/dc.schema.gen"/>
		<code engine="php" path="scripts/dc.php"/>
        <presentation>
            <name>OpenStack DC</name>
            <summary>OpenStack DC</summary>
        </presentation>
    </service>
    <service id="heattemplate">
        <schema path="schemas/heattemplate.schema.gen"/>
		<code engine="php" path="scripts/heattemplate.php"/>
        <presentation>
            <name>OpenStack Heat Template</name>
            <summary>OpenStack Heat Template</summary>
        </presentation>
    </service>
    <service id="images">
        <schema path="schemas/images.schema.gen"/>
		<code engine="php" path="scripts/images.php"/>
        <presentation>
            <name>OpenStack Images</name>
            <summary>OpenStack Images</summary>
        </presentation>
    </service>
    <service id="ippools">
        <schema path="schemas/ippools.schema.gen"/>
		<code engine="php" path="scripts/ippools.php"/>
        <presentation>
            <name>OpenStack IP Pools</name>
            <summary>OpenStack IP Pools</summary>
        </presentation>
    </service>
    <service id="ipprovider">
        <schema path="schemas/ipprovider.schema.gen"/>
		<code engine="php" path="scripts/ipprovider.php"/>
        <presentation>
            <name>OpenStack IP Provider</name>
            <summary>OpenStack IP Provider</summary>
        </presentation>
    </service>
    <service id="ip">
        <schema path="schemas/ip.schema.gen"/>
		<code engine="php" path="scripts/ip.php"/>
        <presentation>
            <name>OpenStack IP</name>
            <summary>OpenStack IP</summary>
        </presentation>
    </service>
    <service id="heatstack">
        <schema path="schemas/heatstack.schema.gen"/>
		<code engine="php" path="scripts/heatstack.php"/>
        <presentation>
            <name>OpenStack Heat Stack</name>
            <summary>OpenStack Heat Stack</summary>
        </presentation>
    </service>
    <service id="unmanagedve">
        <schema path="schemas/unmanagedve.schema.gen"/>
		<code engine="php" path="scripts/unmanagedve.php"/>
        <presentation>
            <name>OpenStack Unmanaged Ve</name>
            <summary>OpenStack Unmanaged Ve</summary>
        </presentation>
    </service>
</application>
