<?xml version="1.0" encoding="UTF-8" standalone="yes"?>
<files xmlns="http://apstandard.com/ns/1" xmlns:ns2="http://www.w3.org/2000/09/xmldsig#">
    <file name="ui/ippool.html" size="5556" sha256="56eaf9668f61ea551cc666219827c8d41d0f6f8e9ddb3e683a1b17b6298fcdac"/>
    <file name="ui/datacenter-new.html" size="10062" sha256="bde332710a0a8430edb7ac3ece67454e585c15f459afa5f32873e937387aedcd"/>
    <file name="ui/nbproject/private/private.xml" size="1350" sha256="3c43caa047f3c77b59199406fc5b97497b3e043d5e529ef2a9c8b321b8253976"/>
    <file name="ui/nbproject/private/private.properties" size="236" sha256="492bb737e13d6d63e6efd53f641b3f0a6e5455ffec9662baa755cb3b889e3aeb"/>
    <file name="ui/nbproject/private/config.properties" size="0" sha256="e3b0c44298fc1c149afbf4c8996fb92427ae41e4649b934ca495991b7852b855"/>
    <file name="ui/nbproject/project.properties" size="161" sha256="499353e2a7c13511d95deea7e414943ca9e5f08aa9c2e82908b6678f3319a35a"/>
    <file name="ui/nbproject/project.xml" size="314" sha256="3b1b23a3518b292def425ffb34f77d00be4cfdb6c4fe21b4bf42941e6d75f206"/>
    <file name="ui/datacenter-view.html" size="5281" sha256="adf2bf72927ed40c2f3f3783ee55fdc5ce18cacdc565b3f1948cd1f24fa9d66a"/>
    <file name="ui/datacenters.html" size="7885" sha256="4be61dd396a4703858e7fe0a9191a9b4073aeadccb2e6d1b65ed7f93360fe786"/>
    <file name="ui/mamasu/Settings.js" size="152" sha256="aa6077dd965bf2237cae1ddd17d902f76f3fc508ca78ed45162266d006863066"/>
    <file name="ui/mamasu/UI.js" size="2218" sha256="57570b2987ceeeb1af9b1bc4128ee1d9c22730c45f24fd2f82bcc8eacc4b3530"/>
    <file name="ui/mamasu/base64.js" size="1859" sha256="fa86ab5314d55d9a1f3212a8bbe00374d9dbdd7537a971cec06163d614a7ef90"/>
    <file name="ui/mamasu/ECRUD.js" size="4147" sha256="15476d034adada56ad3df5b878c51bdf31acffaac5d57d80d0b1096e4a7d360e"/>
    <file name="ui/mamasu/mamadojo.js" size="1096" sha256="875cb193d0fc74e673990ae302f03fedb3bdf4a19929d7ccc7f633b647ffdf30"/>
    <file name="ui/mamasu/Types.js" size="619" sha256="b720f95c062a8ea507c51067a37427f3b74a10b8ac332dd0bf2f2645f38835ad"/>
    <file name="ui/mamasu/Tabs.js" size="177" sha256="d8dac7b3db4835b50826cb434fa5d4cbafe7be6fca8d65e4345e96cd4a73c214"/>
    <file name="ui/mamasu/Widgets.js" size="1006" sha256="dc38c892bfc51f469985d330ace63ac7b2ffee84510fbd16b37ae0a4e1ec1afc"/>
    <file name="ui/datacenter-edit.html" size="12515" sha256="2b9966e1dcf15b39079d24dcf38fe371d40e1a3d2812bc11a2532ae5652a2be0"/>
    <file name="ui/ip-list.html" size="5824" sha256="4b5cafb578e76dd2b2865b9658abe1e7e3f3f858b5f1fae54815a2d6eafc0c38"/>
    <file name="ui/iso.html" size="6540" sha256="2fd4e3f32b2ccaf0019d0298d0bd2ab116f64c3cd9f22a684214f528ed99f864"/>
    <file name="ui/New_HT_2.html" size="835" sha256="8ef7f4fc93b5bc8c498dd38099d2375e71474361da788a1d879f0e8dd2bddabf"/>
    <file name="ui/profiles.html" size="6440" sha256="12f5d1831b275acd57e718dbe3a0f3989caf3c3c0618aeb1300f589b81a27d11"/>
    <file name="APP-META.xml" size="5410" sha256="e746a5de05f3d4c8d9d4681d69f3aeb59560d9151124e05063b28f880b1fab24"/>
    <file name="schemas/dc.schema.gen" size="2513" sha256="61e97ebad21438503b26fc91765e552729beb26b6249cb6ab6baa2df73960391"/>
    <file name="schemas/ippool.schema.gen" size="1574" sha256="6d5a20145fbf1940a44c27c6ce735f94085f38e50cb94c5611f0c613ca072e4c"/>
    <file name="schemas/app.schema.gen" size="1082" sha256="1f7716a3effe8cf3e95623bcbbb7422c4c593de6d1c4cccc69e3a9f6960e850a"/>
    <file name="schemas/organization.schema.gen" size="1268" sha256="56b4455a43d406508377dc38bfea8dfd87a03b958ccd8e31158e7b40ec380135"/>
    <file name="schemas/profile.schema.gen" size="634" sha256="ed6150d450f7ad0a488aec305bd97a2a507bc5363c11cc9b47c25d89aaf00216"/>
    <file name="schemas/image.schema.gen" size="632" sha256="4e583dd4d03ebe61c8828e15654256b5a5efc58c6e8aff040f6ac688ca522037"/>
    <file name="schemas/ipassigned.schema.gen" size="638" sha256="22db5a3fe30dfd5a3df96a3695aab208cfb7d49d1c84962f257d66ed24b468fb"/>
    <file name="schemas/ip.schema.gen" size="622" sha256="f92a2648dc513ab96b11b41f7f14df2b6f324454b71874c8b1b9ba79e7e6f8b3"/>
    <file name="schemas/heatstack.schema.gen" size="818" sha256="a7a2703c922a954b5c080d751e8a85afd80e9419c75c36b36db60978069ce090"/>
    <file name="schemas/unmanagedve.schema.gen" size="820" sha256="ea9e6d7a7c42b8f6d1fe7ed9bbd241806ebe545afde36fffec47e7c0f109ae9d"/>
    <file name="scripts/ippool.php" size="1300" sha256="b0862a31994a1522eb448de0697052812a245386928af1ad947f2e9bba9abffc"/>
    <file name="scripts/common.php" size="150" sha256="ef548b14dd06398fe715691116f6be4fa762951e909020e7baa4a7d7df1240c4"/>
    <file name="scripts/controllers/OS.php" size="524" sha256="b74193ecaac8ae11f8b2bd864f61f336210e236d511f70176b1038dc56cc51bc"/>
    <file name="scripts/controllers/OSApi.php" size="1900" sha256="2fd8f4a0feac45a7a8414903dd152ddc7496d3c5c4a318ff1eecd63b330ba7b7"/>
    <file name="scripts/controllers/CurlManager.php" size="1187" sha256="c0c25b7c86e2604ab68ebc3ad579148b6b6b6c1e262733d08e546ce5dd7b0cd4"/>
    <file name="scripts/dc.php" size="3779" sha256="ddfa5450d0da18d5e0a599b3d6949d281b1989c878b806709ca48c7f9d710f26"/>
    <file name="scripts/nbproject/private/private.xml" size="800" sha256="8e2b5165183315740eeb49091144bb73c8d3bc05e34448114982c38e77492052"/>
    <file name="scripts/nbproject/private/config.properties" size="0" sha256="e3b0c44298fc1c149afbf4c8996fb92427ae41e4649b934ca495991b7852b855"/>
    <file name="scripts/nbproject/private/private.properties" size="264" sha256="4340d297d0cc6a484511a79fc96f6e423173fb54c7dd16d90f5db6377883403d"/>
    <file name="scripts/nbproject/project.properties" size="134" sha256="9915b0966fecf0eb3d7e5f114a0fe3b1687b36528f3d4952cb2ec212357ae31c"/>
    <file name="scripts/nbproject/project.xml" size="319" sha256="707279d138c9485b20bc03f4f9d216d76d9b83e5fdad6766da26a170d4b34fd6"/>
    <file name="scripts/app.php" size="1378" sha256="86ab498bbe8e0e231f0682c9f03b8aa3dbc8de09e9e2836f9dd2e47c2e0b4750"/>
    <file name="scripts/.htaccess" size="769" sha256="8d948e7ae26abcbe0280d428fb18b794e5bbe3de600a5e064b2a4ebba722a9de"/>
    <file name="scripts/heatstack.php" size="784" sha256="312115961feb70ec9c4cc0e6675c6a5490c51f3c264308a8ae111b4b7fd7e847"/>
    <file name="scripts/image.php" size="645" sha256="0d3c359db5f2c3fc6ab5cfbb464eb3d2ef16fe8170676418bbbd902965baa806"/>
    <file name="scripts/ip.php" size="649" sha256="a6371eff452da7b1288296257c2f4a4b2f2cad00a327c5ea0bd6470067e59c19"/>
    <file name="scripts/ipassigned.php" size="665" sha256="de82afe7ef8c8842be68294d59f5cd7297d4cdd7e3d1acbd6266f675de1e30a2"/>
    <file name="scripts/organization.php" size="1130" sha256="1a410f3acca4351e67eb9575b19fc617325e1b183ef88ab860e49ee38f04c874"/>
    <file name="scripts/profile.php" size="652" sha256="9bffcc79aa90ee8ab286561b19643b02b0c2aa1d6bfef28da5b8213287996317"/>
    <file name="scripts/unmanagedve.php" size="786" sha256="4dbf8c06b1708c63c8ce7daf51151238b1914f85534de0e8704a59abf562863b"/>
    <file name=".gitignore" size="14" sha256="b9b5af624884d12b9f503520cac381a5c2eba190aaff7f3f91cf75bc06a7a50f"/>
    <file name="images/logo-mamasu.png" size="94510" sha256="3c278f56408267be49a2e68c716a9b641e27a4b4869507eec143d8c38f615776"/>
    <file name="images/logo-openstack.png" size="9468" sha256="544848c539bd118781e76e35eeaf4014ef03d42901ee8c2d496677a41d057c53"/>
</files>
