<?xml version="1.0" encoding="UTF-8"?>
<project-private xmlns="http://www.netbeans.org/ns/project-private/1">
    <editor-bookmarks xmlns="http://www.netbeans.org/ns/editor-bookmarks/2" lastBookmarkId="1">
        <file>
            <url>types.js</url>
            <bookmark id="1">
                <name/>
                <line>12</line>
                <key/>
            </bookmark>
        </file>
    </editor-bookmarks>
    <open-files xmlns="http://www.netbeans.org/ns/projectui-open-files/2">
        <group>
            <file>file:/Users/developer/Workspace/Openstack/ui/profiles.html</file>
            <file>file:/Users/developer/Workspace/Openstack/ui/ippool.html</file>
            <file>file:/Users/developer/Workspace/Openstack/ui/mamasu/maximizer.js</file>
            <file>file:/Users/developer/Workspace/Openstack/ui/mamasu/mamadojo.js</file>
            <file>file:/Users/developer/Workspace/Openstack/ui/iso.html</file>
            <file>file:/Users/developer/Workspace/Openstack/ui/ip-list.html</file>
            <file>file:/Users/developer/Workspace/Openstack/ui/mamasu/ECRUD.js</file>
            <file>file:/Users/developer/Workspace/Openstack/ui/datacenter-new.html</file>
            <file>file:/Users/developer/Workspace/Openstack/ui/datacenters.html</file>
            <file>file:/Users/developer/Workspace/Openstack/ui/mamasu/UI.js</file>
            <file>file:/Users/developer/Workspace/Openstack/ui/mamasu/Types.js</file>
            <file>file:/Users/developer/Workspace/Openstack/ui/mamasu/Settings.js</file>
        </group>
    </open-files>
</project-private>
