<?xml version="1.0" encoding="UTF-8" standalone="yes"?>
<ns2:files xmlns="http://www.w3.org/2000/09/xmldsig#" xmlns:ns2="http://apstandard.com/ns/1">
    <ns2:file name="APP-META.xml" size="5288" sha256="165972f24ab82b7e1f6b17618b92d76a2aa38c292b4755918a835bf192393a37"/>
    <ns2:file name="ui/nbproject/private/config.properties" size="0" sha256="e3b0c44298fc1c149afbf4c8996fb92427ae41e4649b934ca495991b7852b855"/>
    <ns2:file name="ui/nbproject/private/private.properties" size="260" sha256="ddd525a4084acbacdacb3fd43f884794c5acd687eefe5ce1b56759f0273ceb19"/>
    <ns2:file name="ui/nbproject/project.properties" size="133" sha256="8dc5f0f8add374f2f81d79c04715da55bf615ae3ecc0c0b55d1afc4f9aa4ed10"/>
    <ns2:file name="ui/nbproject/project.xml" size="314" sha256="3b1b23a3518b292def425ffb34f77d00be4cfdb6c4fe21b4bf42941e6d75f206"/>
    <ns2:file name="ui/datacenter-new.html" size="1315" sha256="b3c6d4b009932f97262e2829e524db9669450ef3b0d11d79ca1ad43a6e7249d5"/>
    <ns2:file name="ui/datacenter-settings.html" size="1928" sha256="8eca4bd0f49cf14e37cf1d6c355e0198a88e2d8b1239c9f2c8e26d37f680dafe"/>
    <ns2:file name="ui/datacenters.html" size="2559" sha256="467066470165f21a43b901901ef0a0b9dfcdbb3fdfc5e7717259af3479ef70af"/>
    <ns2:file name="ui/ippool.html" size="1427" sha256="03e2f91dfbb5306b3baab59a7b4d26c9a8794536fd057cd8c259ae94d413084e"/>
    <ns2:file name="ui/iso.html" size="2419" sha256="8593142965fb713059dad48f5ae5f113e61030f461a13aa2e02fbb238d30a829"/>
    <ns2:file name="ui/New_HT_2.html" size="835" sha256="8ef7f4fc93b5bc8c498dd38099d2375e71474361da788a1d879f0e8dd2bddabf"/>
    <ns2:file name="ui/profiles.html" size="2380" sha256="690fa76804105d99b3c37b4ccec3977c811f5bec2d79eac9ce669c94fda184de"/>
    <ns2:file name="images/logo-mamasu.png" size="94510" sha256="3c278f56408267be49a2e68c716a9b641e27a4b4869507eec143d8c38f615776"/>
    <ns2:file name="images/logo-openstack.png" size="9468" sha256="544848c539bd118781e76e35eeaf4014ef03d42901ee8c2d496677a41d057c53"/>
    <ns2:file name="scripts/app.php" size="648" sha256="4baca2a5fdb561e9472c6058c96a1e5b7330e5f92ea85f2edadcd41c858f1aea"/>
    <ns2:file name="scripts/dc.php" size="920" sha256="5693f88c810edc111516406098fe50324e6c67ad5150736ab08eb6619c269ec5"/>
    <ns2:file name="scripts/heatstack.php" size="784" sha256="312115961feb70ec9c4cc0e6675c6a5490c51f3c264308a8ae111b4b7fd7e847"/>
    <ns2:file name="scripts/image.php" size="645" sha256="0d3c359db5f2c3fc6ab5cfbb464eb3d2ef16fe8170676418bbbd902965baa806"/>
    <ns2:file name="scripts/ip.php" size="649" sha256="a6371eff452da7b1288296257c2f4a4b2f2cad00a327c5ea0bd6470067e59c19"/>
    <ns2:file name="scripts/ipassigned.php" size="665" sha256="de82afe7ef8c8842be68294d59f5cd7297d4cdd7e3d1acbd6266f675de1e30a2"/>
    <ns2:file name="scripts/ippool.php" size="629" sha256="b1b91775776ce0330cbd89b740e84ac60ebf8cdb61f807e064e2d45d489b3966"/>
    <ns2:file name="scripts/nbproject/private/private.properties" size="213" sha256="b2be787316a33beaa5912434b47234149615b65aeac619fd0c1c7c94605db928"/>
    <ns2:file name="scripts/nbproject/private/private.xml" size="226" sha256="a6baef65101bae397ffbb5597b624af4a5fbf75890823c48325e1193c593f9f8"/>
    <ns2:file name="scripts/nbproject/project.properties" size="133" sha256="8dc5f0f8add374f2f81d79c04715da55bf615ae3ecc0c0b55d1afc4f9aa4ed10"/>
    <ns2:file name="scripts/nbproject/project.xml" size="319" sha256="707279d138c9485b20bc03f4f9d216d76d9b83e5fdad6766da26a170d4b34fd6"/>
    <ns2:file name="scripts/organization.php" size="1130" sha256="1a410f3acca4351e67eb9575b19fc617325e1b183ef88ab860e49ee38f04c874"/>
    <ns2:file name="scripts/profile.php" size="652" sha256="9bffcc79aa90ee8ab286561b19643b02b0c2aa1d6bfef28da5b8213287996317"/>
    <ns2:file name="scripts/unmanagedve.php" size="786" sha256="4dbf8c06b1708c63c8ce7daf51151238b1914f85534de0e8704a59abf562863b"/>
    <ns2:file name="schemas/app.schema.gen" size="600" sha256="b896c56af057fc0d43ff5cb40e18a998dc78c8d1c0cd5ca4ba6b5aec07ba0c28"/>
    <ns2:file name="schemas/organization.schema.gen" size="1268" sha256="56b4455a43d406508377dc38bfea8dfd87a03b958ccd8e31158e7b40ec380135"/>
    <ns2:file name="schemas/dc.schema.gen" size="996" sha256="0b032a8da7ecda814688416cd939b1c3e1616e6c096ad02e782613b8d4ad85fd"/>
    <ns2:file name="schemas/profile.schema.gen" size="634" sha256="ed6150d450f7ad0a488aec305bd97a2a507bc5363c11cc9b47c25d89aaf00216"/>
    <ns2:file name="schemas/image.schema.gen" size="632" sha256="4e583dd4d03ebe61c8828e15654256b5a5efc58c6e8aff040f6ac688ca522037"/>
    <ns2:file name="schemas/ippool.schema.gen" size="617" sha256="f755977efe213ebfe0d0814aea111a7b8f0a08e6cf76fe9e7225ec08251f26f6"/>
    <ns2:file name="schemas/ipassigned.schema.gen" size="638" sha256="22db5a3fe30dfd5a3df96a3695aab208cfb7d49d1c84962f257d66ed24b468fb"/>
    <ns2:file name="schemas/ip.schema.gen" size="622" sha256="f92a2648dc513ab96b11b41f7f14df2b6f324454b71874c8b1b9ba79e7e6f8b3"/>
    <ns2:file name="schemas/heatstack.schema.gen" size="818" sha256="a7a2703c922a954b5c080d751e8a85afd80e9419c75c36b36db60978069ce090"/>
    <ns2:file name="schemas/unmanagedve.schema.gen" size="820" sha256="ea9e6d7a7c42b8f6d1fe7ed9bbd241806ebe545afde36fffec47e7c0f109ae9d"/>
</ns2:files>
